user_id,timestamp,date,time
535,2026-04-21 00:51:06,2026-04-21,00:51:06
535,2026-04-21 00:51:08,2026-04-21,00:51:08
1252,2026-04-21 00:53:20,2026-04-21,00:53:20
82,2026-04-21 01:46:27,2026-04-21,01:46:27
981,2026-04-21 04:01:58,2026-04-21,04:01:58
1053,2026-04-21 04:02:05,2026-04-21,04:02:05
1230,2026-04-21 04:03:35,2026-04-21,04:03:35
1201,2026-04-21 04:05:01,2026-04-21,04:05:01
773,2026-04-21 04:07:08,2026-04-21,04:07:08
1161,2026-04-21 04:07:26,2026-04-21,04:07:26
775,2026-04-21 04:08:30,2026-04-21,04:08:30
921,2026-04-21 04:10:08,2026-04-21,04:10:08
1200,2026-04-21 04:10:58,2026-04-21,04:10:58
1221,2026-04-21 04:11:05,2026-04-21,04:11:05
1176,2026-04-21 04:11:09,2026-04-21,04:11:09
1207,2026-04-21 04:12:43,2026-04-21,04:12:43
774,2026-04-21 04:14:34,2026-04-21,04:14:34
1182,2026-04-21 04:17:54,2026-04-21,04:17:54
1182,2026-04-21 04:17:55,2026-04-21,04:17:55
891,2026-04-21 04:18:43,2026-04-21,04:18:43
1229,2026-04-21 04:19:59,2026-04-21,04:19:59
909,2026-04-21 04:20:52,2026-04-21,04:20:52
424,2026-04-21 04:22:34,2026-04-21,04:22:34
474,2026-04-21 04:27:43,2026-04-21,04:27:43
599,2026-04-21 04:27:48,2026-04-21,04:27:48
1187,2026-04-21 04:27:51,2026-04-21,04:27:51
1091,2026-04-21 04:27:59,2026-04-21,04:27:59
1118,2026-04-21 04:28:03,2026-04-21,04:28:03
1196,2026-04-21 04:28:06,2026-04-21,04:28:06
1108,2026-04-21 04:28:09,2026-04-21,04:28:09
1198,2026-04-21 04:28:23,2026-04-21,04:28:23
956,2026-04-21 04:28:25,2026-04-21,04:28:25
1222,2026-04-21 04:28:40,2026-04-21,04:28:40
1175,2026-04-21 04:29:04,2026-04-21,04:29:04
464,2026-04-21 04:30:16,2026-04-21,04:30:16
707,2026-04-21 04:30:24,2026-04-21,04:30:24
1090,2026-04-21 04:30:41,2026-04-21,04:30:41
1119,2026-04-21 04:30:43,2026-04-21,04:30:43
1100,2026-04-21 04:30:58,2026-04-21,04:30:58
1120,2026-04-21 04:31:46,2026-04-21,04:31:46
1092,2026-04-21 04:33:01,2026-04-21,04:33:01
228,2026-04-21 04:33:17,2026-04-21,04:33:17
280,2026-04-21 04:34:18,2026-04-21,04:34:18
507,2026-04-21 04:34:21,2026-04-21,04:34:21
639,2026-04-21 04:34:32,2026-04-21,04:34:32
1160,2026-04-21 04:34:46,2026-04-21,04:34:46
1186,2026-04-21 04:34:48,2026-04-21,04:34:48
655,2026-04-21 04:34:50,2026-04-21,04:34:50
790,2026-04-21 04:35:35,2026-04-21,04:35:35
1163,2026-04-21 04:35:44,2026-04-21,04:35:44
1232,2026-04-21 04:35:46,2026-04-21,04:35:46
944,2026-04-21 04:35:48,2026-04-21,04:35:48
944,2026-04-21 04:35:49,2026-04-21,04:35:49
944,2026-04-21 04:35:50,2026-04-21,04:35:50
1233,2026-04-21 04:35:51,2026-04-21,04:35:51
1232,2026-04-21 04:35:53,2026-04-21,04:35:53
1058,2026-04-21 04:35:55,2026-04-21,04:35:55
402,2026-04-21 04:35:58,2026-04-21,04:35:58
45,2026-04-21 04:36:01,2026-04-21,04:36:01
605,2026-04-21 04:36:06,2026-04-21,04:36:06
1231,2026-04-21 04:36:14,2026-04-21,04:36:14
792,2026-04-21 04:36:24,2026-04-21,04:36:24
532,2026-04-21 04:36:29,2026-04-21,04:36:29
532,2026-04-21 04:36:31,2026-04-21,04:36:31
532,2026-04-21 04:36:32,2026-04-21,04:36:32
1168,2026-04-21 04:36:39,2026-04-21,04:36:39
517,2026-04-21 04:36:44,2026-04-21,04:36:44
59,2026-04-21 04:36:46,2026-04-21,04:36:46
1189,2026-04-21 04:36:56,2026-04-21,04:36:56
471,2026-04-21 04:37:26,2026-04-21,04:37:26
796,2026-04-21 04:37:54,2026-04-21,04:37:54
498,2026-04-21 04:37:59,2026-04-21,04:37:59
325,2026-04-21 04:38:04,2026-04-21,04:38:04
273,2026-04-21 04:38:55,2026-04-21,04:38:55
273,2026-04-21 04:38:56,2026-04-21,04:38:56
294,2026-04-21 04:40:15,2026-04-21,04:40:15
1178,2026-04-21 04:40:23,2026-04-21,04:40:23
969,2026-04-21 04:40:33,2026-04-21,04:40:33
823,2026-04-21 04:40:38,2026-04-21,04:40:38
920,2026-04-21 04:40:40,2026-04-21,04:40:40
769,2026-04-21 04:40:45,2026-04-21,04:40:45
141,2026-04-21 04:40:49,2026-04-21,04:40:49
912,2026-04-21 04:40:55,2026-04-21,04:40:55
936,2026-04-21 04:41:00,2026-04-21,04:41:00
366,2026-04-21 04:41:02,2026-04-21,04:41:02
541,2026-04-21 04:41:06,2026-04-21,04:41:06
227,2026-04-21 04:41:07,2026-04-21,04:41:07
395,2026-04-21 04:41:13,2026-04-21,04:41:13
32,2026-04-21 04:41:18,2026-04-21,04:41:18
1149,2026-04-21 04:41:21,2026-04-21,04:41:21
1145,2026-04-21 04:41:23,2026-04-21,04:41:23
712,2026-04-21 04:41:25,2026-04-21,04:41:25
731,2026-04-21 04:41:27,2026-04-21,04:41:27
39,2026-04-21 04:41:31,2026-04-21,04:41:31
917,2026-04-21 04:41:34,2026-04-21,04:41:34
804,2026-04-21 04:41:36,2026-04-21,04:41:36
674,2026-04-21 04:41:40,2026-04-21,04:41:40
941,2026-04-21 04:41:43,2026-04-21,04:41:43
1148,2026-04-21 04:41:48,2026-04-21,04:41:48
19,2026-04-21 04:41:50,2026-04-21,04:41:50
4,2026-04-21 04:41:52,2026-04-21,04:41:52
10,2026-04-21 04:42:01,2026-04-21,04:42:01
7,2026-04-21 04:42:02,2026-04-21,04:42:02
136,2026-04-21 04:42:06,2026-04-21,04:42:06
27,2026-04-21 04:42:10,2026-04-21,04:42:10
1132,2026-04-21 04:42:15,2026-04-21,04:42:15
947,2026-04-21 04:42:19,2026-04-21,04:42:19
54,2026-04-21 04:42:24,2026-04-21,04:42:24
137,2026-04-21 04:42:26,2026-04-21,04:42:26
137,2026-04-21 04:42:27,2026-04-21,04:42:27
98,2026-04-21 04:42:30,2026-04-21,04:42:30
64,2026-04-21 04:42:31,2026-04-21,04:42:31
41,2026-04-21 04:42:36,2026-04-21,04:42:36
1065,2026-04-21 04:42:42,2026-04-21,04:42:42
544,2026-04-21 04:42:47,2026-04-21,04:42:47
991,2026-04-21 04:43:48,2026-04-21,04:43:48
157,2026-04-21 04:45:32,2026-04-21,04:45:32
402,2026-04-21 04:46:44,2026-04-21,04:46:44
886,2026-04-21 04:50:50,2026-04-21,04:50:50
886,2026-04-21 04:50:51,2026-04-21,04:50:51
886,2026-04-21 04:50:52,2026-04-21,04:50:52
886,2026-04-21 04:50:54,2026-04-21,04:50:54
777,2026-04-21 04:50:59,2026-04-21,04:50:59
900,2026-04-21 04:52:00,2026-04-21,04:52:00
509,2026-04-21 04:52:27,2026-04-21,04:52:27
1206,2026-04-21 04:52:33,2026-04-21,04:52:33
1217,2026-04-21 04:52:39,2026-04-21,04:52:39
1096,2026-04-21 04:52:43,2026-04-21,04:52:43
1202,2026-04-21 04:52:52,2026-04-21,04:52:52
1205,2026-04-21 04:52:54,2026-04-21,04:52:54
1223,2026-04-21 04:53:04,2026-04-21,04:53:04
1179,2026-04-21 04:53:29,2026-04-21,04:53:29
1249,2026-04-21 04:53:40,2026-04-21,04:53:40
1169,2026-04-21 04:53:47,2026-04-21,04:53:47
1225,2026-04-21 04:53:53,2026-04-21,04:53:53
1112,2026-04-21 04:54:33,2026-04-21,04:54:33
432,2026-04-21 04:54:36,2026-04-21,04:54:36
1241,2026-04-21 04:54:41,2026-04-21,04:54:41
839,2026-04-21 04:54:47,2026-04-21,04:54:47
508,2026-04-21 04:56:12,2026-04-21,04:56:12
1074,2026-04-21 04:56:38,2026-04-21,04:56:38
1131,2026-04-21 04:56:46,2026-04-21,04:56:46
1197,2026-04-21 04:56:55,2026-04-21,04:56:55
1011,2026-04-21 04:57:30,2026-04-21,04:57:30
1011,2026-04-21 04:57:35,2026-04-21,04:57:35
729,2026-04-21 05:00:45,2026-04-21,05:00:45
381,2026-04-21 05:01:21,2026-04-21,05:01:21
728,2026-04-21 05:01:27,2026-04-21,05:01:27
812,2026-04-21 05:01:33,2026-04-21,05:01:33
106,2026-04-21 05:03:53,2026-04-21,05:03:53
348,2026-04-21 05:05:32,2026-04-21,05:05:32
1049,2026-04-21 05:05:46,2026-04-21,05:05:46
1026,2026-04-21 05:08:05,2026-04-21,05:08:05
535,2026-04-21 05:08:10,2026-04-21,05:08:10
851,2026-04-21 05:08:17,2026-04-21,05:08:17
730,2026-04-21 05:08:18,2026-04-21,05:08:18
719,2026-04-21 05:08:24,2026-04-21,05:08:24
50,2026-04-21 05:11:37,2026-04-21,05:11:37
408,2026-04-21 05:16:54,2026-04-21,05:16:54
1094,2026-04-21 05:17:24,2026-04-21,05:17:24
956,2026-04-21 05:17:41,2026-04-21,05:17:41
112,2026-04-21 05:17:46,2026-04-21,05:17:46
1143,2026-04-21 05:17:49,2026-04-21,05:17:49
340,2026-04-21 05:19:42,2026-04-21,05:19:42
1164,2026-04-21 05:19:45,2026-04-21,05:19:45
801,2026-04-21 05:19:48,2026-04-21,05:19:48
156,2026-04-21 05:19:52,2026-04-21,05:19:52
1000,2026-04-21 05:20:09,2026-04-21,05:20:09
1137,2026-04-21 05:20:12,2026-04-21,05:20:12
881,2026-04-21 05:20:14,2026-04-21,05:20:14
881,2026-04-21 05:20:16,2026-04-21,05:20:16
1238,2026-04-21 05:20:17,2026-04-21,05:20:17
449,2026-04-21 05:20:19,2026-04-21,05:20:19
1141,2026-04-21 05:20:21,2026-04-21,05:20:21
1172,2026-04-21 05:20:24,2026-04-21,05:20:24
1239,2026-04-21 05:20:26,2026-04-21,05:20:26
451,2026-04-21 05:20:28,2026-04-21,05:20:28
820,2026-04-21 05:20:30,2026-04-21,05:20:30
172,2026-04-21 05:20:31,2026-04-21,05:20:31
351,2026-04-21 05:20:35,2026-04-21,05:20:35
598,2026-04-21 05:20:39,2026-04-21,05:20:39
618,2026-04-21 05:20:41,2026-04-21,05:20:41
619,2026-04-21 05:20:47,2026-04-21,05:20:47
1154,2026-04-21 05:20:52,2026-04-21,05:20:52
1190,2026-04-21 05:20:55,2026-04-21,05:20:55
1224,2026-04-21 05:20:59,2026-04-21,05:20:59
1224,2026-04-21 05:21:00,2026-04-21,05:21:00
695,2026-04-21 05:21:01,2026-04-21,05:21:01
1220,2026-04-21 05:21:03,2026-04-21,05:21:03
996,2026-04-21 05:21:11,2026-04-21,05:21:11
209,2026-04-21 05:21:14,2026-04-21,05:21:14
1224,2026-04-21 05:21:17,2026-04-21,05:21:17
1219,2026-04-21 05:21:20,2026-04-21,05:21:20
1135,2026-04-21 05:21:22,2026-04-21,05:21:22
1228,2026-04-21 05:21:24,2026-04-21,05:21:24
1110,2026-04-21 05:21:27,2026-04-21,05:21:27
1128,2026-04-21 05:21:28,2026-04-21,05:21:28
1128,2026-04-21 05:21:30,2026-04-21,05:21:30
1128,2026-04-21 05:21:31,2026-04-21,05:21:31
1195,2026-04-21 05:21:32,2026-04-21,05:21:32
1078,2026-04-21 05:21:34,2026-04-21,05:21:34
876,2026-04-21 05:21:37,2026-04-21,05:21:37
461,2026-04-21 05:21:38,2026-04-21,05:21:38
1213,2026-04-21 05:21:40,2026-04-21,05:21:40
1213,2026-04-21 05:21:41,2026-04-21,05:21:41
1212,2026-04-21 05:21:43,2026-04-21,05:21:43
1251,2026-04-21 05:21:46,2026-04-21,05:21:46
1251,2026-04-21 05:21:50,2026-04-21,05:21:50
860,2026-04-21 05:21:52,2026-04-21,05:21:52
1126,2026-04-21 05:21:54,2026-04-21,05:21:54
1234,2026-04-21 05:21:57,2026-04-21,05:21:57
954,2026-04-21 05:22:01,2026-04-21,05:22:01
1071,2026-04-21 05:22:02,2026-04-21,05:22:02
1218,2026-04-21 05:22:04,2026-04-21,05:22:04
950,2026-04-21 05:22:07,2026-04-21,05:22:07
1017,2026-04-21 05:22:10,2026-04-21,05:22:10
1015,2026-04-21 05:22:12,2026-04-21,05:22:12
1016,2026-04-21 05:22:14,2026-04-21,05:22:14
903,2026-04-21 05:22:21,2026-04-21,05:22:21
900,2026-04-21 05:22:23,2026-04-21,05:22:23
799,2026-04-21 05:22:29,2026-04-21,05:22:29
857,2026-04-21 05:22:33,2026-04-21,05:22:33
797,2026-04-21 05:22:39,2026-04-21,05:22:39
901,2026-04-21 05:22:43,2026-04-21,05:22:43
961,2026-04-21 05:22:46,2026-04-21,05:22:46
656,2026-04-21 05:23:13,2026-04-21,05:23:13
1080,2026-04-21 05:23:16,2026-04-21,05:23:16
1121,2026-04-21 05:23:18,2026-04-21,05:23:18
58,2026-04-21 05:23:23,2026-04-21,05:23:23
1062,2026-04-21 05:23:25,2026-04-21,05:23:25
1115,2026-04-21 05:23:29,2026-04-21,05:23:29
858,2026-04-21 05:23:39,2026-04-21,05:23:39
1157,2026-04-21 05:24:05,2026-04-21,05:24:05
1242,2026-04-21 05:24:32,2026-04-21,05:24:32
1022,2026-04-21 05:24:58,2026-04-21,05:24:58
1022,2026-04-21 05:25:00,2026-04-21,05:25:00
906,2026-04-21 05:25:30,2026-04-21,05:25:30
90,2026-04-21 05:25:34,2026-04-21,05:25:34
1064,2026-04-21 05:25:37,2026-04-21,05:25:37
1237,2026-04-21 05:25:40,2026-04-21,05:25:40
309,2026-04-21 05:25:44,2026-04-21,05:25:44
1103,2026-04-21 05:25:47,2026-04-21,05:25:47
38,2026-04-21 05:26:06,2026-04-21,05:26:06
243,2026-04-21 05:26:23,2026-04-21,05:26:23
606,2026-04-21 05:26:44,2026-04-21,05:26:44
1063,2026-04-21 05:27:32,2026-04-21,05:27:32
1041,2026-04-21 05:28:01,2026-04-21,05:28:01
281,2026-04-21 05:28:11,2026-04-21,05:28:11
1059,2026-04-21 05:28:33,2026-04-21,05:28:33
1192,2026-04-21 05:28:35,2026-04-21,05:28:35
1173,2026-04-21 05:28:47,2026-04-21,05:28:47
1142,2026-04-21 05:28:55,2026-04-21,05:28:55
35,2026-04-21 05:35:02,2026-04-21,05:35:02
123,2026-04-21 05:38:13,2026-04-21,05:38:13
201,2026-04-21 05:47:57,2026-04-21,05:47:57
249,2026-04-21 05:50:53,2026-04-21,05:50:53
1236,2026-04-21 05:52:33,2026-04-21,05:52:33
672,2026-04-21 05:53:01,2026-04-21,05:53:01
1235,2026-04-21 05:53:06,2026-04-21,05:53:06
824,2026-04-21 05:53:50,2026-04-21,05:53:50
6,2026-04-21 05:55:12,2026-04-21,05:55:12
476,2026-04-21 14:59:16,2026-04-21,14:59:16
1229,2026-04-21 15:07:15,2026-04-21,15:07:15
839,2026-04-21 16:37:52,2026-04-21,16:37:52
1246,2026-04-21 16:38:47,2026-04-21,16:38:47
464,2026-04-21 16:41:12,2026-04-21,16:41:12
1217,2026-04-21 16:55:31,2026-04-21,16:55:31
1249,2026-04-21 16:55:44,2026-04-21,16:55:44
1202,2026-04-21 16:55:52,2026-04-21,16:55:52
1121,2026-04-21 16:56:14,2026-04-21,16:56:14
1173,2026-04-21 16:56:34,2026-04-21,16:56:34
1135,2026-04-21 16:57:02,2026-04-21,16:57:02
1079,2026-04-21 16:57:11,2026-04-21,16:57:11
1096,2026-04-21 16:57:14,2026-04-21,16:57:14
1197,2026-04-21 16:58:20,2026-04-21,16:58:20
707,2026-04-21 16:58:34,2026-04-21,16:58:34
1223,2026-04-21 17:02:23,2026-04-21,17:02:23
270,2026-04-21 17:02:30,2026-04-21,17:02:30
1082,2026-04-21 17:05:09,2026-04-21,17:05:09
1081,2026-04-21 17:05:20,2026-04-21,17:05:20
1128,2026-04-21 17:05:32,2026-04-21,17:05:32
876,2026-04-21 17:06:33,2026-04-21,17:06:33
1179,2026-04-21 17:08:22,2026-04-21,17:08:22
656,2026-04-21 17:08:53,2026-04-21,17:08:53
969,2026-04-21 17:09:09,2026-04-21,17:09:09
1200,2026-04-21 17:09:50,2026-04-21,17:09:50
1225,2026-04-21 17:10:42,2026-04-21,17:10:42
432,2026-04-21 17:10:52,2026-04-21,17:10:52
432,2026-04-21 17:10:53,2026-04-21,17:10:53
1241,2026-04-21 17:10:57,2026-04-21,17:10:57
1120,2026-04-21 17:11:05,2026-04-21,17:11:05
639,2026-04-21 17:11:12,2026-04-21,17:11:12
1237,2026-04-21 17:11:22,2026-04-21,17:11:22
1108,2026-04-21 17:11:56,2026-04-21,17:11:56
856,2026-04-21 17:13:15,2026-04-21,17:13:15
1219,2026-04-21 17:13:44,2026-04-21,17:13:44
1108,2026-04-21 17:13:50,2026-04-21,17:13:50
1074,2026-04-21 17:14:28,2026-04-21,17:14:28
1131,2026-04-21 17:14:31,2026-04-21,17:14:31
1221,2026-04-21 17:14:36,2026-04-21,17:14:36
1161,2026-04-21 17:14:50,2026-04-21,17:14:50
857,2026-04-21 17:15:09,2026-04-21,17:15:09
4,2026-04-21 17:15:48,2026-04-21,17:15:48
1186,2026-04-21 17:16:12,2026-04-21,17:16:12
1115,2026-04-21 17:17:16,2026-04-21,17:17:16
1016,2026-04-21 17:17:37,2026-04-21,17:17:37
1015,2026-04-21 17:17:42,2026-04-21,17:17:42
1015,2026-04-21 17:17:44,2026-04-21,17:17:44
1017,2026-04-21 17:17:46,2026-04-21,17:17:46
1017,2026-04-21 17:17:48,2026-04-21,17:17:48
474,2026-04-21 17:18:28,2026-04-21,17:18:28
1038,2026-04-21 17:18:32,2026-04-21,17:18:32
1049,2026-04-21 17:18:42,2026-04-21,17:18:42
1141,2026-04-21 17:19:42,2026-04-21,17:19:42
449,2026-04-21 17:19:45,2026-04-21,17:19:45
950,2026-04-21 17:19:51,2026-04-21,17:19:51
1112,2026-04-21 17:20:02,2026-04-21,17:20:02
1169,2026-04-21 17:20:07,2026-04-21,17:20:07
58,2026-04-21 17:20:15,2026-04-21,17:20:15
1218,2026-04-21 17:20:43,2026-04-21,17:20:43
209,2026-04-21 17:20:49,2026-04-21,17:20:49
1234,2026-04-21 17:20:56,2026-04-21,17:20:56
954,2026-04-21 17:20:59,2026-04-21,17:20:59
1118,2026-04-21 17:21:32,2026-04-21,17:21:32
1119,2026-04-21 17:22:29,2026-04-21,17:22:29
38,2026-04-21 17:22:39,2026-04-21,17:22:39
68,2026-04-21 17:22:43,2026-04-21,17:22:43
59,2026-04-21 17:23:20,2026-04-21,17:23:20
10,2026-04-21 17:23:28,2026-04-21,17:23:28
249,2026-04-21 17:23:32,2026-04-21,17:23:32
294,2026-04-21 17:24:05,2026-04-21,17:24:05
471,2026-04-21 17:24:08,2026-04-21,17:24:08
829,2026-04-21 17:24:14,2026-04-21,17:24:14
1192,2026-04-21 17:24:17,2026-04-21,17:24:17
1059,2026-04-21 17:24:21,2026-04-21,17:24:21
1189,2026-04-21 17:24:35,2026-04-21,17:24:35
1196,2026-04-21 17:25:19,2026-04-21,17:25:19
912,2026-04-21 17:26:25,2026-04-21,17:26:25
812,2026-04-21 17:26:29,2026-04-21,17:26:29
851,2026-04-21 17:26:34,2026-04-21,17:26:34
1137,2026-04-21 17:26:57,2026-04-21,17:26:57
644,2026-04-21 17:27:08,2026-04-21,17:27:08
1251,2026-04-21 17:27:15,2026-04-21,17:27:15
860,2026-04-21 17:27:35,2026-04-21,17:27:35
1175,2026-04-21 17:27:54,2026-04-21,17:27:54
508,2026-04-21 17:28:35,2026-04-21,17:28:35
395,2026-04-21 17:28:40,2026-04-21,17:28:40
903,2026-04-21 17:28:50,2026-04-21,17:28:50
900,2026-04-21 17:28:54,2026-04-21,17:28:54
1026,2026-04-21 17:29:17,2026-04-21,17:29:17
730,2026-04-21 17:29:23,2026-04-21,17:29:23
906,2026-04-21 17:29:29,2026-04-21,17:29:29
1206,2026-04-21 17:29:36,2026-04-21,17:29:36
1205,2026-04-21 17:29:40,2026-04-21,17:29:40
921,2026-04-21 17:30:00,2026-04-21,17:30:00
769,2026-04-21 17:30:02,2026-04-21,17:30:02
273,2026-04-21 17:30:20,2026-04-21,17:30:20
273,2026-04-21 17:30:21,2026-04-21,17:30:21
1142,2026-04-21 17:30:30,2026-04-21,17:30:30
1181,2026-04-21 17:30:35,2026-04-21,17:30:35
1058,2026-04-21 17:30:37,2026-04-21,17:30:37
1160,2026-04-21 17:30:40,2026-04-21,17:30:40
619,2026-04-21 17:30:46,2026-04-21,17:30:46
619,2026-04-21 17:30:48,2026-04-21,17:30:48
774,2026-04-21 17:31:01,2026-04-21,17:31:01
1231,2026-04-21 17:31:05,2026-04-21,17:31:05
1190,2026-04-21 17:31:08,2026-04-21,17:31:08
42,2026-04-21 17:31:12,2026-04-21,17:31:12
1078,2026-04-21 17:31:15,2026-04-21,17:31:15
280,2026-04-21 17:31:17,2026-04-21,17:31:17
961,2026-04-21 17:31:31,2026-04-21,17:31:31
451,2026-04-21 17:31:44,2026-04-21,17:31:44
35,2026-04-21 17:31:49,2026-04-21,17:31:49
1000,2026-04-21 17:33:20,2026-04-21,17:33:20
1090,2026-04-21 17:33:23,2026-04-21,17:33:23
1176,2026-04-21 17:33:26,2026-04-21,17:33:26
996,2026-04-21 17:33:35,2026-04-21,17:33:35
1011,2026-04-21 17:33:50,2026-04-21,17:33:50
1157,2026-04-21 17:33:55,2026-04-21,17:33:55
1222,2026-04-21 17:33:59,2026-04-21,17:33:59
936,2026-04-21 17:34:23,2026-04-21,17:34:23
909,2026-04-21 17:34:29,2026-04-21,17:34:29
1170,2026-04-21 17:34:34,2026-04-21,17:34:34
1248,2026-04-21 17:35:03,2026-04-21,17:35:03
1198,2026-04-21 17:35:06,2026-04-21,17:35:06
731,2026-04-21 17:35:10,2026-04-21,17:35:10
1126,2026-04-21 17:35:14,2026-04-21,17:35:14
1172,2026-04-21 17:37:14,2026-04-21,17:37:14
1238,2026-04-21 17:37:37,2026-04-21,17:37:37
1201,2026-04-21 17:38:04,2026-04-21,17:38:04
947,2026-04-21 17:38:20,2026-04-21,17:38:20
401,2026-04-21 17:38:30,2026-04-21,17:38:30
123,2026-04-21 17:38:36,2026-04-21,17:38:36
1239,2026-04-21 17:38:41,2026-04-21,17:38:41
201,2026-04-21 17:39:36,2026-04-21,17:39:36
605,2026-04-21 17:39:46,2026-04-21,17:39:46
1091,2026-04-21 17:40:09,2026-04-21,17:40:09
19,2026-04-21 17:40:15,2026-04-21,17:40:15
411,2026-04-21 17:40:23,2026-04-21,17:40:23
411,2026-04-21 17:40:25,2026-04-21,17:40:25
1075,2026-04-21 17:40:32,2026-04-21,17:40:32
1122,2026-04-21 17:40:39,2026-04-21,17:40:39
695,2026-04-21 17:40:42,2026-04-21,17:40:42
7,2026-04-21 17:41:16,2026-04-21,17:41:16
1117,2026-04-21 17:41:28,2026-04-21,17:41:28
190,2026-04-21 17:41:43,2026-04-21,17:41:43
655,2026-04-21 17:41:47,2026-04-21,17:41:47
408,2026-04-21 17:41:52,2026-04-21,17:41:52
881,2026-04-21 17:42:07,2026-04-21,17:42:07
881,2026-04-21 17:42:09,2026-04-21,17:42:09
881,2026-04-21 17:42:11,2026-04-21,17:42:11
172,2026-04-21 17:42:15,2026-04-21,17:42:15
55,2026-04-21 17:42:21,2026-04-21,17:42:21
64,2026-04-21 17:42:30,2026-04-21,17:42:30
509,2026-04-21 17:42:33,2026-04-21,17:42:33
796,2026-04-21 17:42:38,2026-04-21,17:42:38
331,2026-04-21 17:42:53,2026-04-21,17:42:53
1071,2026-04-21 17:42:57,2026-04-21,17:42:57
26,2026-04-21 17:42:59,2026-04-21,17:42:59
381,2026-04-21 17:43:04,2026-04-21,17:43:04
1145,2026-04-21 17:43:20,2026-04-21,17:43:20
402,2026-04-21 17:43:48,2026-04-21,17:43:48
136,2026-04-21 17:44:39,2026-04-21,17:44:39
1062,2026-04-21 17:44:54,2026-04-21,17:44:54
424,2026-04-21 17:45:03,2026-04-21,17:45:03
1212,2026-04-21 17:45:05,2026-04-21,17:45:05
606,2026-04-21 17:45:09,2026-04-21,17:45:09
1228,2026-04-21 17:46:08,2026-04-21,17:46:08
1110,2026-04-21 17:46:11,2026-04-21,17:46:11
1213,2026-04-21 17:46:13,2026-04-21,17:46:13
618,2026-04-21 17:46:16,2026-04-21,17:46:16
820,2026-04-21 17:46:35,2026-04-21,17:46:35
1203,2026-04-21 17:46:40,2026-04-21,17:46:40
1168,2026-04-21 17:46:47,2026-04-21,17:46:47
940,2026-04-21 17:47:29,2026-04-21,17:47:29
981,2026-04-21 17:48:00,2026-04-21,17:48:00
228,2026-04-21 17:48:04,2026-04-21,17:48:04
1149,2026-04-21 17:48:07,2026-04-21,17:48:07
20,2026-04-21 17:48:18,2026-04-21,17:48:18
156,2026-04-21 17:48:29,2026-04-21,17:48:29
156,2026-04-21 17:48:30,2026-04-21,17:48:30
981,2026-04-21 17:48:52,2026-04-21,17:48:52
127,2026-04-21 17:49:04,2026-04-21,17:49:04
1252,2026-04-21 17:49:51,2026-04-21,17:49:51
98,2026-04-21 17:50:17,2026-04-21,17:50:17
6,2026-04-21 17:51:37,2026-04-21,17:51:37
797,2026-04-21 17:52:16,2026-04-21,17:52:16
498,2026-04-21 17:52:17,2026-04-21,17:52:17
773,2026-04-21 17:52:23,2026-04-21,17:52:23
461,2026-04-21 17:52:26,2026-04-21,17:52:26
517,2026-04-21 17:52:33,2026-04-21,17:52:33
674,2026-04-21 17:52:51,2026-04-21,17:52:51
956,2026-04-21 17:53:07,2026-04-21,17:53:07
281,2026-04-21 17:53:10,2026-04-21,17:53:10
1230,2026-04-21 17:53:14,2026-04-21,17:53:14
1103,2026-04-21 17:53:20,2026-04-21,17:53:20
106,2026-04-21 17:53:23,2026-04-21,17:53:23
792,2026-04-21 17:53:27,2026-04-21,17:53:27
532,2026-04-21 17:53:30,2026-04-21,17:53:30
532,2026-04-21 17:53:32,2026-04-21,17:53:32
1148,2026-04-21 17:53:35,2026-04-21,17:53:35
541,2026-04-21 17:53:41,2026-04-21,17:53:41
1232,2026-04-21 17:53:44,2026-04-21,17:53:44
941,2026-04-21 17:54:02,2026-04-21,17:54:02
801,2026-04-21 17:54:23,2026-04-21,17:54:23
535,2026-04-21 17:54:31,2026-04-21,17:54:31
157,2026-04-21 17:55:21,2026-04-21,17:55:21
41,2026-04-21 17:55:50,2026-04-21,17:55:50
54,2026-04-21 17:56:03,2026-04-21,17:56:03
775,2026-04-21 17:56:19,2026-04-21,17:56:19
49,2026-04-21 17:57:02,2026-04-21,17:57:02
227,2026-04-21 17:57:09,2026-04-21,17:57:09
366,2026-04-21 17:57:53,2026-04-21,17:57:53
27,2026-04-21 17:57:55,2026-04-21,17:57:55
944,2026-04-21 17:59:59,2026-04-21,17:59:59
39,2026-04-21 18:01:07,2026-04-21,18:01:07
1053,2026-04-21 18:01:10,2026-04-21,18:01:10
137,2026-04-21 18:01:18,2026-04-21,18:01:18
90,2026-04-21 18:02:19,2026-04-21,18:02:19
32,2026-04-21 18:02:27,2026-04-21,18:02:27
1187,2026-04-21 18:02:32,2026-04-21,18:02:32
599,2026-04-21 18:02:35,2026-04-21,18:02:35
777,2026-04-21 18:02:38,2026-04-21,18:02:38
886,2026-04-21 18:03:11,2026-04-21,18:03:11
886,2026-04-21 18:03:12,2026-04-21,18:03:12
141,2026-04-21 18:03:22,2026-04-21,18:03:22
920,2026-04-21 18:03:24,2026-04-21,18:03:24
1065,2026-04-21 18:03:41,2026-04-21,18:03:41
325,2026-04-21 18:04:16,2026-04-21,18:04:16
1244,2026-04-21 18:05:23,2026-04-21,18:05:23
349,2026-04-21 18:06:02,2026-04-21,18:06:02
323,2026-04-21 18:06:16,2026-04-21,18:06:16
1245,2026-04-21 18:06:23,2026-04-21,18:06:23
102,2026-04-21 18:06:51,2026-04-21,18:06:51
729,2026-04-21 18:07:19,2026-04-21,18:07:19
348,2026-04-21 18:08:16,2026-04-21,18:08:16
598,2026-04-21 18:08:22,2026-04-21,18:08:22
917,2026-04-21 18:09:05,2026-04-21,18:09:05
1178,2026-04-21 18:09:27,2026-04-21,18:09:27
804,2026-04-21 18:09:29,2026-04-21,18:09:29
1195,2026-04-21 18:10:48,2026-04-21,18:10:48
991,2026-04-21 18:11:01,2026-04-21,18:11:01
85,2026-04-21 18:11:15,2026-04-21,18:11:15
1089,2026-04-21 18:13:24,2026-04-21,18:13:24
544,2026-04-21 18:16:27,2026-04-21,18:16:27
823,2026-04-21 18:19:47,2026-04-21,18:19:47
1224,2026-04-21 18:19:55,2026-04-21,18:19:55
1220,2026-04-21 18:20:02,2026-04-21,18:20:02
112,2026-04-21 18:20:13,2026-04-21,18:20:13
351,2026-04-21 18:21:26,2026-04-21,18:21:26
1136,2026-04-21 18:26:08,2026-04-21,18:26:08
676,2026-04-21 18:26:13,2026-04-21,18:26:13
1,2026-04-21 18:26:15,2026-04-21,18:26:15
497,2026-04-21 18:27:04,2026-04-21,18:27:04
340,2026-04-21 18:29:29,2026-04-21,18:29:29
11,2026-04-21 18:29:50,2026-04-21,18:29:50
1243,2026-04-21 18:34:57,2026-04-21,18:34:57
1092,2026-04-21 18:36:57,2026-04-21,18:36:57
981,2026-04-21 18:43:34,2026-04-21,18:43:34
712,2026-04-21 18:43:43,2026-04-21,18:43:43
858,2026-04-21 18:48:27,2026-04-21,18:48:27
582,2026-04-21 18:50:28,2026-04-21,18:50:28
1182,2026-04-21 18:55:59,2026-04-21,18:55:59
507,2026-04-21 18:58:08,2026-04-21,18:58:08
1163,2026-04-21 19:05:02,2026-04-21,19:05:02
243,2026-04-21 19:07:18,2026-04-21,19:07:18
719,2026-04-21 19:18:18,2026-04-21,19:18:18
82,2026-04-21 19:19:17,2026-04-21,19:19:17
1143,2026-04-21 19:19:21,2026-04-21,19:19:21
672,2026-04-21 19:50:40,2026-04-21,19:50:40
1022,2026-04-21 19:50:41,2026-04-21,19:50:41
1022,2026-04-21 19:50:42,2026-04-21,19:50:42
1041,2026-04-21 19:58:37,2026-04-21,19:58:37
1154,2026-04-21 20:04:46,2026-04-21,20:04:46
1260,2026-04-21 20:10:35,2026-04-21,20:10:35
441,2026-04-21 20:14:51,2026-04-21,20:14:51
309,2026-04-21 20:28:43,2026-04-21,20:28:43
242,2026-04-21 20:57:24,2026-04-21,20:57:24
